ticker,company name,Company,industry,description,website,logo,ceo,exchange,market cap,sector,tag 1,tag 2,tag 3,Location_HQ,Industry,Laid_Off_Count,Percentage,Date,Source,Funds_Raised,Stage,Date_Added,Country,List_of_Employees_Laid_Off
ADBE,Adobe Inc.,Adobe,Application Software,"Adobe Systems Inc offers a line of software and services for content creation and the measurement of digital advertising and marketing. Its software applications includes Photoshop and Lightroom, Adobe Analytics, Media Optimizer and Campaign Manager.",http://www.adobe.com,ADBE.png,Shantanu Narayen,Nasdaq Global Select,1.24243E+11,Technology,Technology,Software - Application,Application Software,SF Bay Area,Marketing,100,,12/6/2022,https://www.bloomberg.com/news/articles/2022-12-06/adobe-cuts-100-jobs-concentrated-in-sales-as-tech-tightens-belt,2,Post-IPO,12/7/2022 6:30,United States,Unknown
ADSK,Autodesk Inc.,Autodesk,Application Software,Autodesk Inc is engaged in the software industry. It develops software for a number of markets such as construction and media.,http://www.autodesk.com,ADSK.png,Andrew Anagnost,Nasdaq Global Select,33199549449,Technology,Technology,Software - Application,Application Software,SF Bay Area,Other,250,0.02,2/2/2023,https://www.bloomberg.com/news/articles/2023-02-03/autodesk-layoffs-hit-250-jobs-joining-tech-industry-peers,,Post-IPO,2/3/2023 15:59,United States,Unknown
APRN,Blue Apron Holdings Inc. Class A,Blue Apron,Retail - Apparel & Specialty,"Blue Apron Holdings Inc creates original recipes, which are sent along with fresh, seasonal ingredients, directly to customers for them to prepare, cook, and enjoy.",http://www.blueapron.com,APRN.png,Bradley J. Dickerson,New York Stock Exchange,267373180,Consumer Cyclical,Consumer Cyclical,Specialty Retail,Retail - Apparel & Specialty,New York City,Food,,0.1,12/8/2022,https://investors.blueapron.com/press-releases/2022/12-08-2022-140712547,352,Post-IPO,12/8/2022 17:06,United States,Unknown
BILI,Bilibili Inc.,Bilibili,Online Media,"Bilibili Inc is a full-spectrum online entertainment company that covers a range of genres and media formats, including videos, live broadcasting and mobile games.",https://www.bilibili.com,,Rui Chen,Nasdaq Global Select,3418188069,Technology,Technology,Internet Content & Information,Online Media,Shanghai,Media,,0.3,12/27/2022,https://technode.com/2022/12/27/bilibili-reportedly-cuts-30-of-staff-across-operations-gaming-and-streaming-units/,3700,Post-IPO,12/30/2022 15:59,China,Unknown
BL,BlackLine Inc.,BlackLine,Application Software,"BlackLine Inc provides cloud-based software platform designed to transform and modernize accounting and finance operations for organizations of all types and sizes. Its products include journal entry, account reconciliations, and task management.",https://www.blackline.com,,Therese Tucker,Nasdaq Global Select,2673230318,Technology,Technology,Software - Infrastructure,Application Software,Los Angeles,Finance,95,0.05,12/8/2022,https://seekingalpha.com/news/3915452-blackline-to-cut-jobs-by-5-globally-sec-filing,220,Private Equity,12/11/2022 6:15,United States,Unknown
BLKB,Blackbaud Inc.,Blackbaud,Application Software,"Blackbaud Inc provides cloud software, services, expertise, and data intelligence. It provides its services to nonprofits, foundations, corporations, education institutions, healthcare institutions, and the individual change agents who support them.",http://www.blackbaud.com,BLKB.png,Michael P. Gianoni,Nasdaq Global Select,3403231512,Technology,Technology,Software - Application,Application Software,Charleston,Other,500,0.14,,https://www.postandcourier.com/business/sc-tech-employer-blackbaud-has-cut-about-500-jobs-since-last-year/article_ef9dd60a-ac9b-11ed-8c4a-bbbeb9f0cda5.html,,Post-IPO,2/15/2023 19:06,United States,Unknown
CARG,CarGurus Inc.,CarGurus,Online Media,"CarGurus Inc is an online automotive marketplace connecting buyers and sellers of new and used cars. It operates online marketplaces in Canada, the United Kingdom, and Germany.",http://www.cargurus.com,CARG.png,Langley Steinert,Nasdaq Global Select,4671712315,Technology,Technology,Internet Content & Information,Online Media,Boston,Transportation,130,0.13,4/16/2020,https://layoffs.fyi/2020/05/04/cargurus-laid-off-130-employees/,1,Post-IPO,4/16/2020 23:46,United States,Unknown
CDLX,Cardlytics Inc.,Cardlytics,Online Media,Cardlytics Inc is an operator of purchase intelligence platform. It solution Cardlytics Direct enables marketers to deliver advertising content to FI customers in the form of an opportunity to earn rewards.,http://www.cardlytics.com,CDLX.png,Scott D. Grimes,NASDAQ Global Market,350720370,Technology,Technology,Internet Content & Information,Online Media,Atlanta,Marketing,51,,11/14/2022,https://www.marketscreener.com/quote/stock/CARDLYTICS-INC-40680969/news/Cardlytics-to-Terminate-51-Employees-Appoints-John-Balen-Chairman-Shares-up-After-Hours-42312731/,212,Post-IPO,11/15/2022 4:36,United States,Unknown
CDXS,Codexis Inc.,Codexis,Biotechnology,Codexis Inc is a biotech company. It develops proprietary biocatalysts-enzymes or microbes that initiate or accelerate chemical reactions. It offers its products to the pharmaceutical industry. The company also develops advanced biofuels.,http://www.codexis.com,CDXS.png,John J. Nicols,Nasdaq Global Select,1055474555,Healthcare,Healthcare,Biotechnology,,SF Bay Area,Healthcare,,0.18,11/29/2022,https://www.codexis.com/investors/news-events/press-releases/detail/342/codexis-provides-update-on-prioritized-corporate-strategy,162,Post-IPO,11/30/2022 6:17,United States,Unknown
CELH,Celsius Holdings Inc.,Celsius,Beverages - Non-Alcoholic,"Celsius Holdings Inc is engaged in the development, marketing, sale and distribution of functional calorie-burning fitness beverages under the Celsius brand name.",http://www.celsius.com,CELH.png,John Fieldly,NASDAQ Capital Market,211166152,Consumer Defensive,Consumer Defensive,Beverages - Soft Drinks,Beverages - Non-Alcoholic,New York City,Crypto,150,0.25,7/3/2022,https://www.calcalistech.com/ctechnews/article/syvuxha99,864,Series B,7/4/2022 15:15,United States,Unknown
CFRX,ContraFect Corporation,ContraFect,Biotechnology,"ContraFect Corp is a biotechnology company engaged in the development of protein and antibody therapeutic products for life-threatening infectious diseases. The Company's product candidates are CF-301, CF-404.",http://www.contrafect.com,CFRX.png,Steven C. Gilman,NASDAQ Capital Market,39216330,Healthcare,Healthcare,Biotechnology,,New York City,Healthcare,16,0.37,8/15/2022,https://www.benzinga.com/general/biotech/22/08/28497436/contrafect-cuts-workforce-after-trial-setback,380,Post-IPO,8/16/2022 3:52,United States,Unknown
COHR,Coherent Inc.,Coherent,Computer Hardware,"Coherent Inc is a supplier of photonics-based solutions in a range of commercial and scientific research applications. It designs, manufactures, services and markets lasers and related accessories for a diverse group of customers.",http://www.coherent.com,COHR.png,John R. Ambroseo,Nasdaq Global Select,2989737788,Technology,Technology,Scientific & Technical Instruments,Computer Hardware,SF Bay Area,Manufacturing,108,,3/16/2023,https://www.siliconvalley.com/2023/03/16/coherent-fremont-job-cut-tech-layoff-google-facebook-twitter-economy/,,Post-IPO,3/17/2023 4:11,United States,Unknown
CRCM,Care.com Inc.,Care.com,Online Media,Care.com Inc is an online marketplace for finding and managing family care and also e-commerce service selling curated products designed for families. It helps families address their particular lifecycle of care needs.,http://www.care.com,CRCM.png,Sheila Lirio Marcelo,New York Stock Exchange,762487000,Technology,Technology,Internet Content & Information,Online Media,Boston,Consumer,81,,4/30/2020,https://www.bloomberg.com/news/articles/2020-04-30/iac-to-cut-81-care-com-employees-in-restructuring-after-deal,156,Acquired,5/1/2020 3:40,United States,Unknown
DBX,Dropbox Inc,Dropbox,Application Software,"Dropbox Inc offers security software. It is a collaboration platform where more and more of the content is created, accessed, and shared with the world.",https://www.dropbox.com,DBX.png,Andrew W. Houston,Nasdaq Global Select,9988283869,Technology,Technology,Software - Infrastructure,Application Software,SF Bay Area,Other,315,0.15,1/13/2021,https://www.cnbc.com/2021/01/13/dropbox-to-cut-11percent-of-its-global-workforce.html,1700,Post-IPO,1/13/2021 17:21,United States,Unknown
DMRC,Digimarc Corporation,Digimarc,Application Software,"Digimarc Corp is an Information Technology company. It develops solutions, licenses intellectual property, and provides development services to global business partners across industries.",http://www.digimarc.com,DMRC.png,Bruce Davis,Nasdaq Global Select,250328511,Technology,Technology,Information Technology Services,Application Software,Portland,Other,,,2/17/2023,https://www.oregonlive.com/silicon-forest/2023/02/oregon-tech-company-digimarc-will-lay-off-17-of-its-workforce.html,105,Post-IPO,2/24/2023 5:05,United States,Unknown
DOCU,DocuSign Inc.,DocuSign,Application Software,"DocuSign Inc offers e-signature solution. It allows companies and users to make every agreement, approval process, or transaction digital from any device, virtually anywhere in the world in a secured manner.",https://www.docusign.com,,Daniel D. Springer,Nasdaq Global Select,8434393942,Technology,Technology,Software - Application,Application Software,SF Bay Area,Sales,680,0.1,2/16/2023,https://www.cnbc.com/2023/02/16/docusign-layoffs-company-to-cut-10percent-of-workforce.html,536,Post-IPO,2/16/2023 15:33,United States,Unknown
DOCU,DocuSign Inc.,DocuSign,Application Software,"DocuSign Inc offers e-signature solution. It allows companies and users to make every agreement, approval process, or transaction digital from any device, virtually anywhere in the world in a secured manner.",https://www.docusign.com,,Daniel D. Springer,Nasdaq Global Select,8434393942,Technology,Technology,Software - Application,Application Software,SF Bay Area,Sales,671,0.09,9/28/2022,https://www.sfgate.com/news/article/san-francisco-tech-company-docusign-layoffs-17473918.php,536,Post-IPO,9/28/2022 14:59,United States,Unknown
DOMO,Domo Inc.,Domo,Application Software,,http://www.domo.com,DOMO.png,Joshua G. James,NASDAQ Global Market,707963370,Technology,Technology,Software - Application,Application Software,Salt Lake City,Data,90,0.1,4/9/2020,https://www.ksl.com/article/46740514/domo-forced-to-lay-off-10-of-workforce-due-to-economic-impact-caused-by-covid-19,689,Post-IPO,4/11/2020 4:56,United States,Unknown
DOV,Dover Corporation,Dover,Industrial Products,"Dover Corp is a multi-business operator in North America. It has footprint in engineered systems, energy, fluids and refrigeration and food equipment businesses.",http://www.dovercorporation.com,DOV.png,Richard J. Tobin,New York Stock Exchange,12773379113,Industrials,Industrials,Diversified Industrials,Industrial Products,SF Bay Area,Recruiting,23,0.3,7/26/2022,https://blog.dover.io/changes-to-our-team/,22,Series A,7/26/2022 21:51,United States,Unknown
EA,Electronic Arts Inc.,Electronic Arts,Application Software,"Electronic Arts Inc operates in the technology sector. It develops, markets, publishes and distributes video game software and content of various platforms.",http://www.ea.com,EA.png,Andrew Wilson,Nasdaq Global Select,26717240587,Technology,Technology,Electronic Gaming & Multimedia,Application Software,SF Bay Area,Consumer,780,0.06,3/29/2023,https://www.wsj.com/articles/electronic-arts-says-it-is-laying-off-6-of-workforce-d9c2b7e1?mod=djemalertNEWS,2,Post-IPO,3/29/2023 21:00,United States,Unknown
EA,Electronic Arts Inc.,Electronic Arts,Application Software,"Electronic Arts Inc operates in the technology sector. It develops, markets, publishes and distributes video game software and content of various platforms.",http://www.ea.com,EA.png,Andrew Wilson,Nasdaq Global Select,26717240587,Technology,Technology,Electronic Gaming & Multimedia,Application Software,Baton Rouge,Consumer,200,,2/28/2023,https://kotaku.com/ea-apex-legends-bugs-layoffs-respawn-zoom-1850168472,2,Post-IPO,3/2/2023 4:10,United States,Unknown
EB,Eventbrite Inc. Class A,Eventbrite,Application Software,,https://www.eventbrite.com,EB.png,Julia Hartz,New York Stock Exchange,2461837776,Technology,Technology,Software - Application,Application Software,SF Bay Area,Consumer,80,0.08,2/28/2023,https://www.reuters.com/markets/us/ticketing-service-provider-eventbrite-lay-off-8-workforce-2023-02-28/,557,Post-IPO,3/1/2023 0:59,United States,https://docs.google.com/spreadsheets/d/1HWHQissWfO_u0hDYgOv9OYCUDbpWImXTT0od04G2fJg/htmlview
EB,Eventbrite Inc. Class A,Eventbrite,Application Software,,https://www.eventbrite.com,EB.png,Julia Hartz,New York Stock Exchange,2461837776,Technology,Technology,Software - Application,Application Software,SF Bay Area,Consumer,500,0.45,4/8/2020,https://layoffs.fyi/2020/04/13/eventbrite-laid-off-500-employees/,332,Post-IPO,4/8/2020 20:36,United States,Unknown
EBAY,eBay Inc.,eBay,Retail - Apparel & Specialty,"eBay Inc is a commerce platform and provides online marketplace for sale of goods. Its marketplace platforms include its online marketplace located at www.ebay.com, its localized counterparts and the eBay mobile apps.",http://www.ebay.com,EBAY.png,Devin N. Wenig,Nasdaq Global Select,32066559808,Consumer Cyclical,Consumer Cyclical,Specialty Retail,Retail - Apparel & Specialty,SF Bay Area,Retail,500,0.04,2/7/2023,https://www.reuters.com/technology/ebay-lay-off-500-employees-2023-02-07/,1200,Post-IPO,2/7/2023 22:26,United States,https://docs.google.com/spreadsheets/d/19dj85tMJDVQ4v-85elXfMNn7R9UwOcqOFSzoQnGa2T4/edit?resourcekey#gid=766625628
EDIT,Editas Medicine Inc.,Editas Medicine,Biotechnology,Editas Medicine Inc is a genome editing company which is engaged in treating patients with genetically defined diseases by correcting disease-causing genes.,http://www.editasmedicine.com,EDIT.png,Katrine S. Bosley,Nasdaq Global Select,1047521263,Healthcare,Healthcare,Biotechnology,,Boston,Healthcare,,0.2,1/9/2023,https://endpts.com/editas-edits-pipeline-lays-off-20-and-says-bye-to-cso-to-kick-off-jpm23/,656,Post-IPO,1/20/2023 1:26,United States,Unknown
EGHT,8x8 Inc,8x8,Communication Services,"8x8 Inc is a technology company. It provides cloud-based, enterprise-class software solutions that transform the way businesses communicate and collaborate globally. The company operates through two segments: America and Europe.",http://www.8x8.com,EGHT.png,Vikram Verma,New York Stock Exchange,1762916084,Communication Services,Communication Services,Telecom Services,,SF Bay Area,Support,155,0.07,1/18/2023,https://www.channelfutures.com/business-models/8x8-to-reduce-7-of-workforce-significantly-impacting-channel-staff,253,Post-IPO,1/18/2023 23:18,United States,Unknown
EGHT,8x8 Inc,8x8,Communication Services,"8x8 Inc is a technology company. It provides cloud-based, enterprise-class software solutions that transform the way businesses communicate and collaborate globally. The company operates through two segments: America and Europe.",http://www.8x8.com,EGHT.png,Vikram Verma,New York Stock Exchange,1762916084,Communication Services,Communication Services,Telecom Services,,SF Bay Area,Support,200,0.09,10/4/2022,https://www.channelfutures.com/business-models/8x8-lays-off-workers-cites-operational-efficiency,253,Post-IPO,1/18/2023 23:20,United States,Unknown
ERIC,Ericsson,Ericsson,Communication Equipment,Telefonaktiebolaget L M Ericsson is a telecom services provider based in Sweden. It provides wireless telecommunication solutions globally.,http://www.ericsson.com,ERIC.png,Borje Ekholm,Nasdaq Global Select,29144975775,Technology,Technology,Communication Equipment,,Stockholm,Other,8500,0.08,2/24/2023,https://www.reuters.com/business/media-telecom/ericsson-lay-off-8500-employees-memo-2023-02-24/,663,Post-IPO,2/24/2023 5:00,Sweden,Unknown
FATE,Fate Therapeutics Inc.,Fate Therapeutics,Biotechnology,Fate Therapeutics Inc is a clinical-stage biopharmaceutical company engaged in the development of programmed cellular immunotherapies for cancer and immune disorders.,http://www.fatetherapeutics.com,,J. Scott Wolchko,NASDAQ Global Market,906489323,Healthcare,Healthcare,Biotechnology,,San Diego,Healthcare,315,0.57,1/9/2023,"https://www.sandiegouniontribune.com/business/story/2023-01-09/san-diegos-fate-therapeutics-lays-off-315-employees-more-than-half-of-its-workforce#:~:text=Fate%20Therapeutics%2C%20a%20San%20Diego,collaboration%20agreement%20with%20Janssen%20Biotech",1200,Post-IPO,1/13/2023 1:56,United States,Unknown
FSCT,ForeScout Technologies Inc.,ForeScout,Application Software,ForeScout Technologies Inc develops technology that discovers and classifies IP-based devices in real time as they connect to the network and continuously monitors and assesses their security posture.,https://www.forescout.com,,Michael DeCesare,NASDAQ Global Market,1373305529,Technology,Technology,Software - Application,Application Software,SF Bay Area,Security,100,0.1,1/10/2023,https://www.calcalistech.com/ctechnews/article/hkyo39k9o,125,Post-IPO,1/10/2023 16:42,United States,Unknown
GDDY,GoDaddy Inc. Class A,GoDaddy,Online Media,"GoDaddy Inc, through its subsidiaries provides a variety of domain name registration and website hosting services. It also provides cloud-based solutions.",http://www.godaddy.com,,Scott W Wagner,New York Stock Exchange,12109723514,Technology,Technology,Internet Content & Information,Online Media,Phoenix,Marketing,530,0.08,2/8/2023,https://techstartups.com/2023/02/08/godaddy-to-lay-off-8-of-its-workforce-or-about-530-employees-amid-global-economic-slowdown/,800,Post-IPO,2/8/2023 22:43,United States,Unknown
GDDY,GoDaddy Inc. Class A,GoDaddy,Online Media,"GoDaddy Inc, through its subsidiaries provides a variety of domain name registration and website hosting services. It also provides cloud-based solutions.",http://www.godaddy.com,,Scott W Wagner,New York Stock Exchange,12109723514,Technology,Technology,Internet Content & Information,Online Media,Austin,Marketing,451,0.06,6/24/2020,https://domainnamewire.com/2020/06/24/godaddy-plans-layoffs-and-is-closing-austin-offices/,,Post-IPO,6/25/2020 5:21,United States,Unknown
GH,Guardant Health Inc.,Guardant Health,Medical Diagnostics & Research,,https://www.guardanthealth.com,GH.png,Helmy Eltoukhy,Nasdaq Global Select,3421588630,Healthcare,Healthcare,Diagnostics & Research,Medical Diagnostics & Research,SF Bay Area,Healthcare,130,0.07,1/25/2023,https://www.genomeweb.com/business-news/guardant-health-lays-7-percent-workforce#.Y9HcqOzMK8A,550,Post-IPO,1/26/2023 1:51,United States,Unknown
GPRO,GoPro Inc.,GoPro,Computer Hardware,"GoPro Inc is a United States-based company engaged in the development and sale of cameras, mountable and wearable accessories and drones. The company has presence, including in the Americas, Europe, Middle East, Africa, and Asia-Pacific.",http://www.gopro.com,GPRO.png,Nicholas Woodman,Nasdaq Global Select,722481103,Technology,Technology,Consumer Electronics,Computer Hardware,SF Bay Area,Consumer,200,0.2,4/15/2020,https://techcrunch.com/2020/04/16/gopro-lays-off-200-employees-representing-20-of-the-company/,288,Post-IPO,4/15/2020 23:42,United States,Unknown
GRPN,Groupon Inc.,Groupon,Online Media,Groupon Inc offers marketing services by selling vouchers through online local marketplaces that can be redeemed for goods or services with third-party merchants. The company's segments include North America and International.,http://www.groupon.com,GRPN.png,Rich Williams,Nasdaq Global Select,2117593856,Technology,Technology,Internet Content & Information,Online Media,Chicago,Retail,500,,1/30/2023,https://www.chicagobusiness.com/technology/groupon-lay-another-500-workers,1400,Post-IPO,1/31/2023 4:39,United States,https://docs.google.com/spreadsheets/d/1ffu4J_b0g2B4YLo7xvls3U2turNuS-QB2Khv5Qcrlrk/edit#gid=779115768
GRPN,Groupon Inc.,Groupon,Online Media,Groupon Inc offers marketing services by selling vouchers through online local marketplaces that can be redeemed for goods or services with third-party merchants. The company's segments include North America and International.,http://www.groupon.com,GRPN.png,Rich Williams,Nasdaq Global Select,2117593856,Technology,Technology,Internet Content & Information,Online Media,Chicago,Retail,500,0.15,8/8/2022,https://techcrunch.com/2022/08/08/groupon-cuts-over-500-staff-as-the-downturn-takes-its-tolll/,1400,Post-IPO,8/8/2022 21:36,United States,Unknown
GRPN,Groupon Inc.,Groupon,Online Media,Groupon Inc offers marketing services by selling vouchers through online local marketplaces that can be redeemed for goods or services with third-party merchants. The company's segments include North America and International.,http://www.groupon.com,GRPN.png,Rich Williams,Nasdaq Global Select,2117593856,Technology,Technology,Internet Content & Information,Online Media,Chicago,Retail,2800,0.44,4/13/2020,https://layoffs.fyi/2020/04/17/groupon-laid-off-or-furloughed-2800-employees/,1400,Post-IPO,4/13/2020 21:14,United States,Unknown
HPQ,HP Inc.,HP,Computer Hardware,"HP Inc provides products, technologies, software, solutions and services to individual consumers, small- and medium-sized businesses including customers in the government, health and education sectors.",http://www.hp.com,HPQ.png,Dion J. Weisler,New York Stock Exchange,35031301133,Technology,Technology,Computer Systems,Computer Hardware,Tel Aviv,Hardware,100,,2/19/2023,https://www.themarker.com/technation/2023-02-19/ty-article/.premium/00000186-692c-d22b-ad9e-7f6e08aa0000,4200,Post-IPO,2/20/2023 4:15,Israel,Unknown
HUBS,HubSpot Inc.,HubSpot,Application Software,"HubSpot Inc provides a cloud-based inbound marketing and sales platform which features integrated applications to help businesses attract visitors to websites, convert visitors into leads, close leads into customers and delight customers.",http://www.hubspot.com,HUBS.png,Brian Halligan,New York Stock Exchange,6408591141,Technology,Technology,Software - Application,Application Software,Boston,Marketing,500,0.07,1/31/2023,https://www.marketwatch.com/story/hubspot-to-lay-off-about-500-employees-consolidate-workspace-leases-01675175630,100,Post-IPO,1/31/2023 16:33,United States,https://hire.hubspotalumni.com/jobboard
ILMN,Illumina Inc.,Illumina,Medical Diagnostics & Research,Illumina Inc engages in life science tools and machines for analyzing genetic material. The company primarily engages in microarray and genome sequencing machines and disposables. It also provides sequencing services through its products.,http://www.illumina.com,ILMN.png,Francis A. DeSouza,Nasdaq Global Select,41312880000,Healthcare,Healthcare,Diagnostics & Research,Medical Diagnostics & Research,San Diego,Healthcare,500,0.05,11/14/2022,https://www.genomeweb.com/business-news/illumina-lays-approximately-500-employees-response-economic-climate#.Y4FAPOzMJjM,28,Post-IPO,11/17/2022 0:51,United States,Unknown
INST,Instructure Inc.,Instructure,Application Software,"Instructure, Inc. provides cloud-based learning management platform for academic institutions and companies worldwide. The company offers its platform through a Software-as-a-Service business model.",http://www.instructure.com,INST.png,Dan Goldsmith,New York Stock Exchange,1439838960,Technology,Technology,Software - Application,Application Software,Salt Lake City,Education,150,0.12,5/27/2020,https://philonedtech.com/instructure-restructure-significant-layoffs-hitting-canvas-side-of-the-business/,89,Acquired,5/27/2020 21:54,United States,Unknown
INTC,Intel Corporation,Intel,Semiconductors,"Intel Corp is the world's largest chipmaker. It engaged in making a semiconductor chip. It designs and manufactures integrated digital technology products like integrated circuits, for industries such as computing and communications.",http://www.intel.com,INTC.png,Robert H. Swan,Nasdaq Global Select,2.25484E+11,Technology,Technology,Semiconductors,,SF Bay Area,Hardware,343,,1/30/2023,https://www.sfgate.com/tech/article/intel-plans-layoffs-california-campus-17752669.php,12,Post-IPO,1/31/2023 4:42,United States,Unknown
INTC,Intel Corporation,Intel,Semiconductors,"Intel Corp is the world's largest chipmaker. It engaged in making a semiconductor chip. It designs and manufactures integrated digital technology products like integrated circuits, for industries such as computing and communications.",http://www.intel.com,INTC.png,Robert H. Swan,Nasdaq Global Select,2.25484E+11,Technology,Technology,Semiconductors,,SF Bay Area,Hardware,201,,12/6/2022,https://www.crn.com/news/computing/intel-begins-layoffs-in-california-voluntary-unpaid-leave-program,12,Post-IPO,12/30/2022 15:57,United States,Unknown
INTU,Intuit Inc.,Intuit,Application Software,"Intuit Inc creates business and financial management solutions for small businesses, consumers, and accounting professionals. The company's products and services include QuickBooks and TurboTax.",http://www.intuit.com,INTU.png,Sasan K. Goodarzi,Nasdaq Global Select,57480573480,Technology,Technology,Software - Application,Application Software,SF Bay Area,Finance,715,0.07,6/22/2020,https://intuitblog.com/news-social/a-message-from-intuit-ceo-sasan-goodarzi-to-intuit-employees/,18,Post-IPO,6/22/2020 22:14,United States,Unknown
IRBT,iRobot Corporation,iRobot,Computer Hardware,"iRobot Corp designs and sells small, artificially intelligent consumer robots. The company's most successful products include its automatic Roomba vacuum and the floor-mopping Braava.",http://www.irobot.com,IRBT.png,Colin M. Angle,Nasdaq Global Select,2510080664,Technology,Technology,Consumer Electronics,Computer Hardware,Boston,Consumer,85,0.07,2/13/2023,https://www.cnbc.com/2023/02/13/irobot-layoffs-7percent-of-workforce-at-roomba-maker-let-go.html,30,Acquired,2/14/2023 15:06,United States,Unknown
IRBT,iRobot Corporation,iRobot,Computer Hardware,"iRobot Corp designs and sells small, artificially intelligent consumer robots. The company's most successful products include its automatic Roomba vacuum and the floor-mopping Braava.",http://www.irobot.com,IRBT.png,Colin M. Angle,Nasdaq Global Select,2510080664,Technology,Technology,Consumer Electronics,Computer Hardware,Boston,Consumer,140,0.1,8/5/2022,https://www.geekwire.com/2022/amazon-to-acquire-roomba-maker-irobot-for-1-7-billion/,30,Acquired,8/5/2022 19:28,United States,Unknown
JNCE,Jounce Therapeutics Inc.,Jounce Therapeutics,Biotechnology,Jounce Therapeutics Inc is a clinical stage immunotherapy company. It is engaged in transforming the treatment pf cancer by developing therapies that enable the immune system to attack tumors and provide long-lasting benefits to patients.,http://www.jouncetx.com,,Richard Murray,Nasdaq Global Select,150422277,Healthcare,Healthcare,Biotechnology,,Boston,Healthcare,,0.57,2/22/2023,https://www.globenewswire.com/news-release/2023/02/22/2613789/0/en/Jounce-Therapeutics-Announces-Restructuring.html,194,Acquired,2/26/2023 2:09,United States,Unknown
LPSN,LivePerson Inc.,LivePerson,Application Software,"LivePerson Inc along with its subsidiaries provides digital engagement solutions offering a cloud-based platform which enables businesses to proactively connect with consumers through chat, voice, and content delivery.",http://www.liveperson.com,LPSN.png,Robert P. Locascio,Nasdaq Global Select,1538464470,Technology,Technology,Software - Infrastructure,Application Software,New York City,Support,193,0.11,9/15/2022,Internal memo,42,Post-IPO,9/16/2022 3:13,United States,Unknown
LPSN,LivePerson Inc.,LivePerson,Application Software,"LivePerson Inc along with its subsidiaries provides digital engagement solutions offering a cloud-based platform which enables businesses to proactively connect with consumers through chat, voice, and content delivery.",http://www.liveperson.com,LPSN.png,Robert P. Locascio,Nasdaq Global Select,1538464470,Technology,Technology,Software - Infrastructure,Application Software,New York City,Support,30,,11/1/2020,https://en.globes.co.il/en/article-liveperson-to-lay-off-30-in-israel-1001347824#,42,Post-IPO,1/21/2023 22:51,United States,Unknown
LRCX,Lam Research Corporation,Lam Research,Semiconductors,Lam Research Corp functions in the semiconductor industry. It develops and sells semiconductor processing systems that are used in the fabrication of integrated circuits.,http://www.lamrc.com,LRCX.png,Timothy M. Archer,Nasdaq Global Select,26375015557,Technology,Technology,Semiconductor Equipment & Materials,Semiconductors,SF Bay Area,Hardware,1300,0.07,1/25/2023,https://www.bloomberg.com/news/articles/2023-01-25/lam-research-to-cut-7-of-workforce-after-forecast-disappoints?leadSource=uverify%20wall,,Post-IPO,2/1/2023 17:05,United States,Unknown
MSFT,Microsoft Corporation,Microsoft,Application Software,"Microsoft Corp is a technology company. It develop, license, and support a wide range of software products and services. Its business is organized into three segments: Productivity and Business Processes, Intelligent Cloud, and More Personal Computing.",http://www.microsoft.com,MSFT.png,Satya Nadella,Nasdaq Global Select,8.16324E+11,Technology,Technology,Software - Infrastructure,Application Software,Seattle,Other,10000,0.05,1/18/2023,https://www.usatoday.com/story/money/2023/01/18/microsoft-layoffs-10000-employees-stock/11074235002/,1,Post-IPO,1/18/2023 2:05,United States,Unknown
NATI,National Instruments Corporation,National Instruments,Application Software,"National Instruments Corp designs, manufactures & sells computer-based virtual instrumentation software & hardware products to scientists and engineers. Its products include embedded control and monitoring hardware, NI LabVIEW, and NI LabWindows/CVI.",http://www.ni.com,NATI.png,Alexander M. Davern,Nasdaq Global Select,5959466730,Technology,Technology,Software - Application,Application Software,Austin,Hardware,,0.04,1/31/2023,https://www.cmlviz.com/stocks/NATI/news/b/2023/01/31/national-instruments-corp-expected-to-reduce-ni-s-worldwide-headcount-by-approximately-4-during-2023,,Post-IPO,2/4/2023 23:05,United States,Unknown
NEWR,New Relic Inc.,New Relic,Application Software,"New Relic Inc is a software-as-a-service provider of software analytics products which allow users to monitor software performance with .NET, Java, JavaScript, Node.js, PHP, Python, and Ruby applications deployed in a cloud or in a data center.",http://www.newrelic.com,NEWR.png,Lewis Cirne,New York Stock Exchange,6076281574,Technology,Technology,Software - Infrastructure,Application Software,SF Bay Area,Infrastructure,110,0.05,8/18/2022,https://www.marketwatch.com/story/new-relic-commits-to-restructuring-plan-including-layoffs-271660823014,214,Post-IPO,8/18/2022 15:35,United States,Unknown
NEWR,New Relic Inc.,New Relic,Application Software,"New Relic Inc is a software-as-a-service provider of software analytics products which allow users to monitor software performance with .NET, Java, JavaScript, Node.js, PHP, Python, and Ruby applications deployed in a cloud or in a data center.",http://www.newrelic.com,NEWR.png,Lewis Cirne,New York Stock Exchange,6076281574,Technology,Technology,Software - Infrastructure,Application Software,SF Bay Area,Infrastructure,160,0.07,4/6/2021,https://siliconangle.com/2021/04/06/new-relic-let-go-7-employees-amid-business-model-refocus/,214.5,Post-IPO,4/7/2021 2:19,United States,Unknown
NEWR,New Relic Inc.,New Relic,Application Software,"New Relic Inc is a software-as-a-service provider of software analytics products which allow users to monitor software performance with .NET, Java, JavaScript, Node.js, PHP, Python, and Ruby applications deployed in a cloud or in a data center.",http://www.newrelic.com,NEWR.png,Lewis Cirne,New York Stock Exchange,6076281574,Technology,Technology,Software - Infrastructure,Application Software,Portland,Infrastructure,20,,6/29/2020,https://www.bizjournals.com/portland/news/2020/06/29/layoffs-at-new-relic-as-company-combines-2-enginee.html,214.5,Post-IPO,6/30/2020 16:00,United States,Unknown
NFLX,Netflix Inc.,Netflix,Entertainment,"Netflix Inc provides multimedia content through the internet. It provides a subscription based platform for television shows, movies and original series.",http://www.netflix.com,NFLX.png,Reed Hastings,Nasdaq Global Select,1.55748E+11,Consumer Cyclical,Consumer Cyclical,Media - Diversified,Entertainment,SF Bay Area,Media,30,,9/14/2022,https://deadline.com/2022/09/netflix-animation-layoff-30-staffers-overhaul-continues-1235118700/,121900,Post-IPO,9/16/2022 14:49,United States,Unknown
NFLX,Netflix Inc.,Netflix,Entertainment,"Netflix Inc provides multimedia content through the internet. It provides a subscription based platform for television shows, movies and original series.",http://www.netflix.com,NFLX.png,Reed Hastings,Nasdaq Global Select,1.55748E+11,Consumer Cyclical,Consumer Cyclical,Media - Diversified,Entertainment,SF Bay Area,Media,300,0.03,6/23/2022,https://www.cnbc.com/2022/06/23/netflix-lays-off-300-more-employees-as-revenue-growth-continues-to-slow.html,121900,Post-IPO,6/23/2022 19:35,United States,Unknown
NFLX,Netflix Inc.,Netflix,Entertainment,"Netflix Inc provides multimedia content through the internet. It provides a subscription based platform for television shows, movies and original series.",http://www.netflix.com,NFLX.png,Reed Hastings,Nasdaq Global Select,1.55748E+11,Consumer Cyclical,Consumer Cyclical,Media - Diversified,Entertainment,SF Bay Area,Media,150,0.01,5/17/2022,https://www.cnbc.com/2022/05/17/netflix-lays-off-150-employees-as-the-streaming-service-contends-with-big-subscriber-losses.html,121900,Post-IPO,5/17/2022 18:58,United States,Unknown
NFLX,Netflix Inc.,Netflix,Entertainment,"Netflix Inc provides multimedia content through the internet. It provides a subscription based platform for television shows, movies and original series.",http://www.netflix.com,NFLX.png,Reed Hastings,Nasdaq Global Select,1.55748E+11,Consumer Cyclical,Consumer Cyclical,Media - Diversified,Entertainment,SF Bay Area,Media,25,,4/28/2022,https://www.thewrap.com/netflix-layoffs-tudum-site-marketing-department/,121900,Post-IPO,5/12/2022 1:21,United States,Unknown
NSTG,NanoString Technologies Inc.,NanoString,Biotechnology,"NanoString Technologies Inc is a biotechnology company. It develops, manufactures and sells products that unlock scientifically valuable and clinically actionable genomic information from minute amounts of tissue.",http://www.nanostring.com,NSTG.png,R. Bradley Gray,NASDAQ Global Market,695712730,Healthcare,Healthcare,Biotechnology,,Seattle,Healthcare,,0.1,11/8/2022,https://www.genomeweb.com/business-news/nanostring-technologies-delivers-underwhelming-q3-lays-10-percent-workforce#.Y3MWTuzMK58,731,Post-IPO,11/17/2022 0:09,United States,Unknown
NTAP,NetApp Inc.,NetApp,Computer Hardware,"NetApp Inc provides technology solutions. It is engaged in the design, manufacturing, marketing, and technical support of high-performance storage and data management solutions. Its core product offering icnlude data storage devices such as flash drives.",http://www.netapp.com,,George Kurian,Nasdaq Global Select,17075349364,Technology,Technology,Data Storage,Computer Hardware,SF Bay Area,Data,960,0.08,1/31/2023,https://www.theregister.com/2023/01/31/netapp_layoffs_8_percent/,,Post-IPO,1/31/2023 16:33,United States,Unknown
NTNX,Nutanix Inc.,Nutanix,Application Software,"Nutanix Inc provides cloud capabilities for businesses. It mainly offers web-scale engineering and consumer-grade design, virtualization and storage into a resilient, and software-defined solution to its customers.",http://www.nutanix.com,NTNX.png,Dheeraj Pandey,Nasdaq Global Select,9676976472,Technology,Technology,Software - Infrastructure,Application Software,SF Bay Area,Infrastructure,270,0.04,8/9/2022,https://www.marketscreener.com/quote/stock/NUTANIX-INC-31497437/news/NUTANIX-INC-Costs-Associated-with-Exit-or-Disposal-Activities-form-8-K-41257917/,1100,Post-IPO,8/9/2022 21:51,United States,Unknown
NVTA,Invitae Corporation,Invitae,Medical Diagnostics & Research,"Invitae Corp is a genetic information company engaged in genetic diagnostics for hereditary disorders. It provides testing for multiple genes including hereditary cancer, neurological disorders, cardiovascular disorders and other hereditary conditions.",https://www.invitae.com,NVTA.png,Sean E. George,New York Stock Exchange,1028123265,Healthcare,Healthcare,Diagnostics & Research,Medical Diagnostics & Research,SF Bay Area,Healthcare,1000,,7/19/2022,https://www.genomeweb.com/business-news/invitae-lay-over-1000-workers-amid-restructuring-leadership-transition#.YtbajOzMK8D,2000,Post-IPO,7/19/2022 16:23,United States,Unknown
OKTA,Okta Inc.,Okta,Application Software,"Okta Inc is an identity and access management company. Its products include Universal Directory,Single Sign-On, Adaptive Multi-Factor Authentication, Lifecycle Management, Mobility Management, and API Access Management.",http://www.okta.com,OKTA.png,Todd McKinnon,Nasdaq Global Select,8968720655,Technology,Technology,Software - Infrastructure,Application Software,SF Bay Area,Security,300,0.05,2/2/2023,https://www.bloomberg.com/news/articles/2023-02-02/okta-to-lay-off-300-employees-citing-overhiring-execution-challenges,1200,Post-IPO,2/2/2023 15:48,United States,https://airtable.com/shrezINg2JegLsl3L/tblvWgpSHQtMNdYBO
OKTA,Okta Inc.,Okta,Application Software,"Okta Inc is an identity and access management company. Its products include Universal Directory,Single Sign-On, Adaptive Multi-Factor Authentication, Lifecycle Management, Mobility Management, and API Access Management.",http://www.okta.com,OKTA.png,Todd McKinnon,Nasdaq Global Select,8968720655,Technology,Technology,Software - Infrastructure,Application Software,SF Bay Area,Security,24,,8/26/2022,https://www.unleash.ai/economy/okta-lays-off-us-sourcing-team/,1200,Post-IPO,8/26/2022 20:43,United States,Unknown
ORCL,Oracle Corporation,Oracle,Application Software,"Oracle Corp is a computer software company. It sells enterprise information technology solutions, including databases, middleware, applications, and hardware. The Company primarily offers software licenses, support, and maintenance services worldwide.",http://www.oracle.com,ORCL.png,Mark V. Hurd / Safra Ada Catz,New York Stock Exchange,1.83753E+11,Technology,Technology,Software - Infrastructure,Application Software,SF Bay Area,Other,200,,11/1/2022,https://www.businessinsider.com/oracle-cloud-infrastructure-layoffs-200-employees-2022-11?IR=T,,Post-IPO,11/17/2022 0:45,United States,Unknown
PEGA,Pegasystems Inc.,Pegasystems,Application Software,"Pegasystems Inc. develops, market, and license software and also provides implementation, consulting, training, and technical support services to help its customers maximize the business value from the use of the company's software.",http://www.pega.com,PEGA.png,Alan Trefler,Nasdaq Global Select,4533157498,Technology,Technology,Software - Application,Application Software,Boston,HR,245,0.04,1/3/2023,https://www.bizjournals.com/boston/news/2023/01/03/pegasystems-to-cut-4-of-its-workforce.html,,Post-IPO,1/4/2023 16:12,United States,Unknown
PS,Pluralsight Inc.,Pluralsight,Application Software,"Pluralsight Inc operates as an enterprise software company. The firm offers a platform that provides technology skill development solutions mainly by providing various courses for related to technology which include mobile, security, IT and data.",https://www.pluralsight.com,,,Nasdaq Global Select,4283773911,Technology,Technology,Software - Application,Application Software,Salt Lake City,Education,400,0.2,12/12/2022,https://www.pluralsight.com/newsroom/press-releases/ceo-aaron-skonnard-email-to-pluralsight,192,Acquired,12/12/2022 22:08,United States,https://docs.google.com/spreadsheets/d/1l10lFdaYxDWpmJorxd5cml_bBQ0qMhqngZvKEJP5m2o/edit#gid=0
PYPL,PayPal Holdings Inc.,PayPal,Credit Services,"PayPal Holdings Inc is a technology platform company that enables digital and mobile payments on behalf of consumers and merchants. The company's payments platform includes PayPal, PayPal Credit, Venmo, Xoom and Braintree products.",https://www.paypal.com,PYPL.png,Daniel H. Schulman,Nasdaq Global Select,1.07938E+11,Financial Services,Financial Services,Credit Services,,SF Bay Area,Finance,2000,0.07,1/31/2023,https://www.cnbc.com/2023/01/31/paypal-to-lay-off-2000-employees-in-coming-weeks-about-7percent-of-workforce.html,216,Post-IPO,1/31/2023 21:48,United States,Unknown
PYPL,PayPal Holdings Inc.,PayPal,Credit Services,"PayPal Holdings Inc is a technology platform company that enables digital and mobile payments on behalf of consumers and merchants. The company's payments platform includes PayPal, PayPal Credit, Venmo, Xoom and Braintree products.",https://www.paypal.com,PYPL.png,Daniel H. Schulman,Nasdaq Global Select,1.07938E+11,Financial Services,Financial Services,Credit Services,,SF Bay Area,Finance,83,,5/23/2022,https://www.bizjournals.com/sanjose/news/2022/05/23/paypal-lays-off-83-workers-from-san-jose-hq.html,216,Post-IPO,5/26/2022 3:02,United States,Unknown
QTRX,Quanterix Corporation,Quanterix,Biotechnology,Quanterix Corp is a life science company. The company digitizing biomarker analysis with the goal of advancing the science of precision health.,https://www.quanterix.com,QTRX.png,E. Kevin Hrusovsky,NASDAQ Global Market,448173158,Healthcare,Healthcare,Biotechnology,,Boston,Healthcare,130,0.25,8/9/2022,https://www.genomeweb.com/business-news/quanterix-slashing-workforce-25-percent-it-refocuses-commercial-efforts#.Y3J8V-zMK8B,533,Post-IPO,11/17/2022 4:38,United States,Unknown
RAMP,LiveRamp Holdings Inc.,LiveRamp,Application Software,"Acxiom Corp is an enterprise data, analytics and software-as-a-service company. Its business segments include Marketing Services, Audience Solutions and Connectivity.",https://www.liveramp.com,RAMP.png,Scott E. Howe,New York Stock Exchange,3022058509,Technology,Technology,Information Technology Services,Application Software,SF Bay Area,Marketing,,0.1,11/3/2022,https://www.marketscreener.com/quote/stock/LIVERAMP-HOLDINGS-INC-54039111/news/LIVERAMP-HOLDINGS-INC-Costs-Associated-with-Exit-or-Disposal-Activities-form-8-K-42212180/,16,Post-IPO,11/5/2022 3:47,United States,Unknown
RDFN,Redfin Corporation,Redfin,Real Estate Services,Redfin Corp is a technology-powered residential real estate brokerage company. It represents people buying and selling homes in over 80 markets throughout the United States.,http://www.redfin.com,RDFN.png,Glenn Kelman,Nasdaq Global Select,1638327118,Real Estate,Real Estate,Real Estate Services,,Seattle,Real Estate,201,0.04,4/11/2023,https://www.geekwire.com/2023/redfin-lays-off-201-employees-as-housing-market-continues-to-retrench/,320,Post-IPO,4/14/2023 2:59,United States,Unknown
RDFN,Redfin Corporation,Redfin,Real Estate Services,Redfin Corp is a technology-powered residential real estate brokerage company. It represents people buying and selling homes in over 80 markets throughout the United States.,http://www.redfin.com,RDFN.png,Glenn Kelman,Nasdaq Global Select,1638327118,Real Estate,Real Estate,Real Estate Services,,Seattle,Real Estate,862,0.13,11/9/2022,https://www.businessinsider.com/redfin-layoffs-home-flipping-business-redfinnow-shut-down-2022-11,320,Post-IPO,11/9/2022 15:29,United States,Unknown
RDFN,Redfin Corporation,Redfin,Real Estate Services,Redfin Corp is a technology-powered residential real estate brokerage company. It represents people buying and selling homes in over 80 markets throughout the United States.,http://www.redfin.com,RDFN.png,Glenn Kelman,Nasdaq Global Select,1638327118,Real Estate,Real Estate,Real Estate Services,,Seattle,Real Estate,470,0.08,6/14/2022,https://www.streetinsider.com/dr/news.php?id=20212223&gfv=1,319,Post-IPO,6/14/2022 16:40,United States,Unknown
RDFN,Redfin Corporation,Redfin,Real Estate Services,Redfin Corp is a technology-powered residential real estate brokerage company. It represents people buying and selling homes in over 80 markets throughout the United States.,http://www.redfin.com,RDFN.png,Glenn Kelman,Nasdaq Global Select,1638327118,Real Estate,Real Estate,Real Estate Services,,Seattle,Real Estate,236,0.07,4/7/2020,https://www.geekwire.com/2020/redfin-lays-off-7-staff-furloughs-hundreds-agents-due-covid-19-impact-housing-demand/,319,Post-IPO,4/7/2020 21:49,United States,Unknown
ROKU,Roku Inc.,Roku,Communication Services,"Roku Inc operates TV streaming platform in the United States. Its TV streaming platform allows users to discover and access a variety of movies and TV episodes, as well as live sports, music, news and more.",https://www.roku.com,ROKU.png,Anthony Wood,Nasdaq Global Select,5243176555,Communication Services,Communication Services,Pay TV,,SF Bay Area,Media,200,0.06,3/30/2023,https://www.reuters.com/technology/streaming-device-maker-roku-cut-200-jobs-second-round-layoffs-2023-03-30/,208,Post-IPO,3/30/2023 22:58,United States,Unknown
ROKU,Roku Inc.,Roku,Communication Services,"Roku Inc operates TV streaming platform in the United States. Its TV streaming platform allows users to discover and access a variety of movies and TV episodes, as well as live sports, music, news and more.",https://www.roku.com,ROKU.png,Anthony Wood,Nasdaq Global Select,5243176555,Communication Services,Communication Services,Pay TV,,SF Bay Area,Media,200,0.07,11/17/2022,https://variety.com/2022/digital/news/roku-layoffs-200-employees-1235435468/amp/,208,Post-IPO,11/17/2022 17:12,United States,Unknown
SAGE,Sage Therapeutics Inc.,Sage Therapeutics,Biotechnology,"Sage Therapeutics Inc is a biopharmaceutical company conducting development programs and clinical trials to discover medicines for central nervous system disorders. It has development programs for refractory status epilepticus, and Parkinson's di-sease.",http://www.sagerx.com,SAGE.png,Jeffrey M. Jonas,NASDAQ Global Market,6950085802,Healthcare,Healthcare,Biotechnology,,Boston,Healthcare,340,0.53,4/7/2020, https://www.biopharmadive.com/news/sage-restructuring-layoffs-340-employees/575641/,438,Post-IPO,4/8/2020 22:22,United States,Unknown
SCWX,SecureWorks Corp.,SecureWorks,Application Software,SecureWorks Corp is a provider of intelligence-driven information security solutions exclusively focused on protecting its clients from cyber attacks. Its solutions enable organizations to fortify their cyber defenses to prevent security breaches.,http://www.secureworks.com,,Michael R. Cote,Nasdaq Global Select,1988633836,Technology,Technology,Software - Application,Application Software,Atlanta,Security,212,0.09,2/7/2023,https://www.marketwatch.com/story/secureworks-to-cut-9-of-its-workforce-as-layoffs-could-affect-more-than-200-employees-01675779796,83,Post-IPO,2/7/2023 15:30,United States,Unknown
SFIX,Stitch Fix Inc.,Stitch Fix,Retail - Apparel & Specialty,"Stitch Fix Inc offers personal style service for men and women. It delivers various product types, including denim, dresses, blouses, skirts, shoes, jewelry and handbags and sells merchandise across a various range of price points.",https://www.stitchfix.com,SFIX.png,Katrina Lake,Nasdaq Global Select,2219697132,Consumer Cyclical,Consumer Cyclical,Specialty Retail,Retail - Apparel & Specialty,SF Bay Area,Retail,,0.2,1/5/2023,https://www.cnbc.com/2023/01/05/stitchfix-ceo-steps-down-20percent-of-salaried-workforce-to-be-cut.html,79,Post-IPO,1/5/2023 16:46,United States,https://docs.google.com/spreadsheets/d/1pJWM8AY6gDKKdfbzYRFSBYbEDgTthSDsjMoe6c0-IBQ/htmlview#gid=823461148
SFIX,Stitch Fix Inc.,Stitch Fix,Retail - Apparel & Specialty,"Stitch Fix Inc offers personal style service for men and women. It delivers various product types, including denim, dresses, blouses, skirts, shoes, jewelry and handbags and sells merchandise across a various range of price points.",https://www.stitchfix.com,SFIX.png,Katrina Lake,Nasdaq Global Select,2219697132,Consumer Cyclical,Consumer Cyclical,Specialty Retail,Retail - Apparel & Specialty,SF Bay Area,Retail,330,0.15,6/9/2022,https://www.cnbc.com/2022/06/09/stitch-fix-is-laying-off-15percent-of-its-salaried-employees-internal-memo-says.html,79,Post-IPO,6/9/2022 19:49,United States,Unknown
SFIX,Stitch Fix Inc.,Stitch Fix,Retail - Apparel & Specialty,"Stitch Fix Inc offers personal style service for men and women. It delivers various product types, including denim, dresses, blouses, skirts, shoes, jewelry and handbags and sells merchandise across a various range of price points.",https://www.stitchfix.com,SFIX.png,Katrina Lake,Nasdaq Global Select,2219697132,Consumer Cyclical,Consumer Cyclical,Specialty Retail,Retail - Apparel & Specialty,SF Bay Area,Retail,1400,0.18,6/1/2020,https://www.cnbc.com/2020/06/01/stitch-fix-is-laying-off-1400-in-california-18percent-of-workforce.html,79,Post-IPO,6/2/2020 3:59,United States,Unknown
SFLY,Shutterfly Inc.,Shutterfly,Personal Services,"Shutterfly Inc is an online manufacturer and retailer of personalized products and services. Its brands include Shutterfly, Tiny Prints, Wedding Paper Divas, MyPublisher, BorrowLenses and Groovebook.",http://www.shutterflyinc.com,SFLY.png,Christopher North,Nasdaq Global Select,1511529151,Consumer Cyclical,Consumer Cyclical,Personal Services,,SF Bay Area,Retail,360,,1/25/2023,https://thedeadpixelssociety.com/shutterfly-layoffs-impact-360/,50,Acquired,1/26/2023 21:06,United States,Unknown
SFLY,Shutterfly Inc.,Shutterfly,Personal Services,"Shutterfly Inc is an online manufacturer and retailer of personalized products and services. Its brands include Shutterfly, Tiny Prints, Wedding Paper Divas, MyPublisher, BorrowLenses and Groovebook.",http://www.shutterflyinc.com,SFLY.png,Christopher North,Nasdaq Global Select,1511529151,Consumer Cyclical,Consumer Cyclical,Personal Services,,SF Bay Area,Retail,800,,1/25/2021,https://thedeadpixelssociety.com/lifetouch-shutterfly-staff-reductions-near-800/,50,Acquired,1/26/2023 21:07,United States,Unknown
SMAR,Smartsheet Inc. Class A,Smartsheet,Application Software,"Smartsheet Inc provides a cloud-based platform for work execution, that enabling teams and organizations to plan, capture, manage, automate, and report on work at a scale which results in more efficient processes and better business outcomes.",https://www.smartsheet.com,SMAR.png,Mark Patrick Mader,New York Stock Exchange,3362642536,Technology,Technology,Software - Application,Application Software,Seattle,Other,85,0.03,2/16/2023,https://www.bizjournals.com/seattle/news/2023/02/16/smartsheet-lays-off-85-employees-globally.html,152,Post-IPO,2/17/2023 21:30,United States,Unknown
SNAP,Snap Inc. Class A,Snap,Online Media,"Snap Inc is a camera application developer. Its main product is Snapchat, a camera application created to help people communicate through short videos and images. It also offers Spectacles, which are camera-enabled sunglasses.",http://www.snap.com,,Evan Spiegel,New York Stock Exchange,8954364996,Technology,Technology,Internet Content & Information,Online Media,Los Angeles,Consumer,1280,0.2,8/31/2022,https://www.theverge.com/2022/8/30/23329301/snap-layoffs-20-percent-employees-snapchat,4900,Post-IPO,8/30/2022 20:55,United States,Unknown
SNPS,Synopsys Inc.,Synopsys,Application Software,Synopsys Inc is a software development company. It supplies electronic design automation software used by engineers to design and test integrated circuits. It provides software and hardware used to develop the electronic systems that incorporate chips.,http://www.synopsys.com,SNPS.png,Aart J. De Geus / Chi-Foon Chan,Nasdaq Global Select,14652471176,Technology,Technology,Software - Application,Application Software,SF Bay Area,Other,100,,1/27/2023,https://www.eastbaytimes.com/2023/01/27/synopsys-mountain-view-sunnyvale-job-layoff-tech-facebook-google/,,Post-IPO,1/28/2023 15:08,United States,Unknown
SONO,Sonos Inc.,Sonos,Computer Hardware,,http://www.sonos.com,SONO.png,Patrick Spence,Nasdaq Global Select,1370452920,Technology,Technology,Consumer Electronics,Computer Hardware,New York City,Consumer,174,0.12,6/24/2020,https://www.cnbc.com/2020/06/24/sonos-says-its-cutting-12percent-of-global-employees-because-of-covid-19.html,455.2,Post-IPO,6/25/2020 4:51,United States,Unknown
SPLK,Splunk Inc.,Splunk,Application Software,"Splunk Inc provides software products. Its flagship product is Splunk Enterprise and at its core is a proprietary machine data engine, comprised of collection, indexing, search, reporting analysis and data management capabilities.",http://www.splunk.com,SPLK.png,Douglas Merritt,Nasdaq Global Select,19053666316,Technology,Technology,Software - Application,Application Software,SF Bay Area,Data,325,0.04,2/1/2023,https://www.marketwatch.com/story/splunk-to-lay-off-4-of-its-staff-in-latest-sign-of-software-cutbacks-11675260328,2400,Post-IPO,2/1/2023 17:01,United States,https://docs.google.com/spreadsheets/d/1uyTQmiT0CBSJBum-GVc-TDcPyL825RkAnBu9nNIA5wc/edit?resourcekey#gid=1886320755
SPLK,Splunk Inc.,Splunk,Application Software,"Splunk Inc provides software products. Its flagship product is Splunk Enterprise and at its core is a proprietary machine data engine, comprised of collection, indexing, search, reporting analysis and data management capabilities.",http://www.splunk.com,SPLK.png,Douglas Merritt,Nasdaq Global Select,19053666316,Technology,Technology,Software - Application,Application Software,SF Bay Area,Data,70,0.01,6/16/2020,https://www.bloomberg.com/news/articles/2020-06-17/splunk-joins-tech-s-belt-tightening-with-plan-to-shed-staff,40,Post-IPO,6/18/2020 22:48,United States,Unknown
SYBX,Synlogic Inc.,Synlogic,Biotechnology,"Synlogic Inc is a biopharmaceutical company focused on advancing the drug discovery and development platform for Synthetic Biotic medicines, which are designed using synthetic biology to genetically reprogram beneficial microbes to treat diseases.",http://www.mirnarx.com,,Aoife M. Brennan,NASDAQ Global Market,220122856,Healthcare,Healthcare,Biotechnology,,Boston,Healthcare,,0.25,12/1/2022,https://www.fiercebiotech.com/biotech/sqz-ceo-exits-biotech-axes-60-staff-synlogic-succumbs-layoff-pressure,321,Post-IPO,12/11/2022 6:21,United States,Unknown
TCDA,Tricida Inc.,Tricida,Drug Manufacturers,,http://www.tricida.com,TCDA.png,Gerrit Klaerner,Nasdaq Global Select,877210775,Healthcare,Healthcare,Drug Manufacturers - Specialty & Generic,Drug Manufacturers,SF Bay Area,Healthcare,,0.57,11/14/2022,https://seekingalpha.com/pr/19020683-tricida-announces-third-quarter-2022-financial-results,624,Post-IPO,1/19/2023 4:12,United States,Unknown
TDOC,Teladoc Health Inc.,Teladoc Health,Application Software,"Teladoc Inc provides telehealth platform, delivering on-demand healthcare anytime, anywhere, via mobile devices, the internet, video and phone.",http://www.teladoc.com,TDOC.png,Jason N. Gorevic,New York Stock Exchange,4444054712,Technology,Technology,Health Information Services,Application Software,New York City,Healthcare,300,0.06,1/18/2023,https://digitalhealth.modernhealthcare.com/finance/teladoc-health-layoffs-staff-cut-jason-gorevic,172,Post-IPO,1/18/2023 19:49,United States,Unknown
TMDI,Titan Medical Inc.,Titan Medical,Medical Devices,"Titan Medical Inc is in the research and development stage. The Sport product is produced to address the current clinical, operational and financial limitations of the robotic platforms in the high growth robotic surgery market.",http://www.titanmedicalinc.com,,David J. McNally,NASDAQ Capital Market,78033056,Healthcare,Healthcare,Medical Devices,,Toronto,Healthcare,48,0.72,2/10/2023,https://www.fiercebiotech.com/medtech/titan-medical-lays-70-staff-search-buyer-comes-short,278,Post-IPO,3/10/2023 15:59,Canada,Unknown
TREE,LendingTree Inc.,LendingTree,Banks,"LendingTree Inc is an online lender exchange that connects consumers with lenders, and provides online tools to aid consumers in their financial divisions. It provides services such as mortgages, refinance loans, home equity loans, among others.",https://www.lendingtree.com,TREE.png,Douglas R. Lebda,Nasdaq Global Select,3881871079,Financial Services,Financial Services,Specialty Finance,Banks,Charlotte,Finance,150,0.13,3/30/2023,https://www.wsoctv.com/news/local/lendingtree-cutting-workforce-by-13-latest-layoff-round/264JH3PRKNE4TH3HUR5WA7T6XU/,,Post-IPO,4/1/2023 1:58,United States,Unknown
TREE,LendingTree Inc.,LendingTree,Banks,"LendingTree Inc is an online lender exchange that connects consumers with lenders, and provides online tools to aid consumers in their financial divisions. It provides services such as mortgages, refinance loans, home equity loans, among others.",https://www.lendingtree.com,TREE.png,Douglas R. Lebda,Nasdaq Global Select,3881871079,Financial Services,Financial Services,Specialty Finance,Banks,Charlotte,Finance,200,,11/3/2022,https://investors.lendingtree.com/static-files/b06a0e39-53f1-480a-867f-230222a6a84c,,Post-IPO,1/23/2023 23:20,United States,Unknown
TRIP,TripAdvisor Inc.,TripAdvisor,Travel & Leisure,"TripAdvisor Inc provides travel related services. Its website offers reviews on restaurants, hotels and tourist destinations. It secures revenue from providing advertisement space on its website as well as through commissions on bookings.",http://www.tripadvisor.com,TRIP.png,Stephen Kaufer,Nasdaq Global Select,8270996231,Consumer Cyclical,Consumer Cyclical,Leisure,Travel & Leisure,Boston,Travel,900,0.25,4/28/2020,https://layoffs.fyi/2020/04/30/tripadvisor-laid-off-900-employees/,3,Post-IPO,4/28/2020 15:28,United States,Unknown
TRUE,TrueCar Inc.,TrueCar,Online Media,"TrueCar Inc operates as an Internet-based information, technology, and communication services company. It operates its platform for affinity group marketing partners, such as USAA and consumer reports, financial institutions, and other large enterprises.",http://www.true.com,,Victor A Perry,Nasdaq Global Select,1007285423,Technology,Technology,Internet Content & Information,Online Media,Los Angeles,Transportation,219,0.3,5/28/2020,https://labusinessjournal.com/news/2020/jun/01/truecar-lays-30-staff/,340,Post-IPO,5/29/2020 1:55,United States,Unknown
TSLA,Tesla Inc.,Tesla,Autos,"Tesla Inc is a vertically integrated sustainable energy company. It designs, develops, manufactures and sells high-performance fully electric vehicles and electric vehicle powertrain components.",https://www.tesla.com,TSLA.png,Elon Musk,Nasdaq Global Select,54932162739,Consumer Cyclical,Consumer Cyclical,Auto Manufacturers,Autos,Austin,Transportation,,0.1,6/3/2022,https://www.cnbc.com/2022/06/03/heres-the-email-elon-musk-sent-all-tesla-employees-10percent-job-cuts.html,20200,Post-IPO,11/10/2022 0:54,United States,Unknown
TTGT,TechTarget Inc.,TechTarget,Online Media,TechTarget Inc operates websites that publishes content to help reach IT professionals and executives. It offers free content and primarily collects information about its registered members for IT vendors to generate qualified sales leads.,http://www.techtarget.com,TTGT.png,Michael Cotoia,NASDAQ Global Market,402664029,Technology,Technology,Internet Content & Information,Online Media,Boston,Marketing,60,0.05,12/8/2022,https://www.marketwatch.com/story/techtarget-focuses-on-restructuring-plan-cutting-60-positions-271670628385,115,Post-IPO,12/11/2022 6:02,United States,Unknown
TWLO,Twilio Inc. Class A,Twilio,Application Software,"Twilio Inc provides a cloud communications platform that enables developers to build, scale and operate communications within software applications through the cloud as a pay-as- you-go service.",http://www.twilio.com,TWLO.png,Jeff Lawson,New York Stock Exchange,11345356137,Technology,Technology,Software - Application,Application Software,SF Bay Area,Other,1500,0.17,2/13/2023,https://www.cnbc.com/2023/02/13/twilio-layoffs-1500-employees-17percent-of-workforce.html,614,Post-IPO,2/13/2023 16:24,United States,Unknown
TWLO,Twilio Inc. Class A,Twilio,Application Software,"Twilio Inc provides a cloud communications platform that enables developers to build, scale and operate communications within software applications through the cloud as a pay-as- you-go service.",http://www.twilio.com,TWLO.png,Jeff Lawson,New York Stock Exchange,11345356137,Technology,Technology,Software - Application,Application Software,SF Bay Area,Other,800,0.11,9/14/2022,https://techcrunch.com/2022/09/14/twilio-lays-off-11-of-its-staff-as-it-aims-for-profitability-in-2023/,614,Post-IPO,9/14/2022 14:47,United States,Unknown
TWOU,2U Inc.,2U,Application Software,2U Inc is engaged in providing cloud-based software-as-a-service platform. Its platform enables nonprofit colleges and universities to deliver education to qualified students anywhere.,http://www.2u.com,TWOU.png,Christopher J. Paucek,Nasdaq Global Select,3454504580,Technology,Technology,Software - Infrastructure,Application Software,Washington D.C.,Education,,0.2,7/28/2022,https://www.insidehighered.com/news/2022/08/01/online-program-enabler-2u-resets-its-pricing-model,426,Post-IPO,7/30/2022 23:15,United States,Unknown
TWTR,Twitter Inc.,Twitter,Online Media,"Twitter Inc is a social networking platform for public self-expression and conversation in real time. Its services are live, which includes live commentary, live connections, and live conversations. It generates a majority of its revenue from advertising.",https://www.twitter.com,TWTR.png,Jack Dorsey,New York Stock Exchange,25920571659,Technology,Technology,Internet Content & Information,Online Media,SF Bay Area,Consumer,200,0.1,2/25/2023,https://www.nytimes.com/2023/02/26/technology/twitter-layoffs.html,12900,Post-IPO,2/26/2023 20:58,United States,Unknown
TWTR,Twitter Inc.,Twitter,Online Media,"Twitter Inc is a social networking platform for public self-expression and conversation in real time. Its services are live, which includes live commentary, live connections, and live conversations. It generates a majority of its revenue from advertising.",https://www.twitter.com,TWTR.png,Jack Dorsey,New York Stock Exchange,25920571659,Technology,Technology,Internet Content & Information,Online Media,SF Bay Area,Consumer,40,,1/5/2023,https://www.theinformation.com/articles/musk-lays-off-twitter-engineers-working-on-advertising-as-ad-revenue-shrinks,12900,Post-IPO,1/6/2023 23:15,United States,Unknown
TWTR,Twitter Inc.,Twitter,Online Media,"Twitter Inc is a social networking platform for public self-expression and conversation in real time. Its services are live, which includes live commentary, live connections, and live conversations. It generates a majority of its revenue from advertising.",https://www.twitter.com,TWTR.png,Jack Dorsey,New York Stock Exchange,25920571659,Technology,Technology,Internet Content & Information,Online Media,SF Bay Area,Consumer,3700,0.5,11/4/2022,https://www.nytimes.com/2022/11/04/technology/elon-musk-twitter-layoffs.html,12900,Post-IPO,11/4/2022 14:48,United States,https://docs.google.com/spreadsheets/d/1OoD3pVxFl718fnxs_cEaOIbcj-45-qNKZFnE1jQW86M/edit#gid=0
W,Wayfair Inc. Class A,Wayfair,Retail - Apparel & Specialty,"Wayfair Inc operates as an online destination for the home good products in the United States. It offers a range of furniture, dcor, decorative accent, housewares, seasonal dcor, and other home good products.",http://www.wayfair.com,W.png,Niraj Shah,New York Stock Exchange,10590042329,Consumer Cyclical,Consumer Cyclical,Specialty Retail,Retail - Apparel & Specialty,Boston,Retail,1750,0.1,1/20/2023,https://www.wsj.com/articles/wayfair-is-preparing-to-lay-off-more-than-1-000-workers-11674161122,1700,Post-IPO,1/20/2023 14:25,United States,Unknown
W,Wayfair Inc. Class A,Wayfair,Retail - Apparel & Specialty,"Wayfair Inc operates as an online destination for the home good products in the United States. It offers a range of furniture, dcor, decorative accent, housewares, seasonal dcor, and other home good products.",http://www.wayfair.com,W.png,Niraj Shah,New York Stock Exchange,10590042329,Consumer Cyclical,Consumer Cyclical,Specialty Retail,Retail - Apparel & Specialty,Boston,Retail,870,0.05,8/19/2022,https://www.bostonglobe.com/2022/08/19/business/wayfair-cuts-870-jobs-including-400-boston-it-reacts-decline-sales/,1700,Post-IPO,8/19/2022 15:05,United States,Unknown
WDAY,Workday Inc.,Workday,Application Software,"Workday Inc is a SaaS provider offering enterprise resource planning, or ERP, software for medium and large enterprises. The company's product portfolio is built around human capital and financial management software.",http://www.workday.com,WDAY.png,Aneel Bhusri,Nasdaq Global Select,41657000000,Technology,Technology,Software - Application,Application Software,SF Bay Area,HR,525,0.03,1/31/2023,https://www.cnbc.com/2023/01/31/workday-lays-off-employees-but-will-grow-head-count.html,230,Post-IPO,1/31/2023 16:34,United States,Unknown
WDC,Western Digital Corporation,Western Digital,Computer Hardware,"Western Digital Corp is the global leader in the hard disk drive market. It develops, manufactures, and provides data storage solutions that enable consumers to create, manage, experience and preserve digital content. Its products include HDDs and SSDs.",https://www.wdc.com,WDC.png,Stephen D. Milligan,Nasdaq Global Select,13759249668,Technology,Technology,Data Storage,Computer Hardware,SF Bay Area,Hardware,251,,11/22/2022,https://www.bizjournals.com/sanjose/news/2022/11/22/western-digital-latest-valley-company-with-layoffs.html,900,Post-IPO,2/13/2023 17:50,United States,Unknown
YELP,Yelp Inc.,Yelp,Online Media,Yelp Inc is a provider of online platforms to connect buyers and sellers. It generates revenue by selling advertising space to businesses mainly in the United States.,http://www.yelp.com,YELP.png,Jeremy Stoppelman,New York Stock Exchange,3128509230,Technology,Technology,Internet Content & Information,Online Media,SF Bay Area,Consumer,63,,7/13/2020,https://www.cnbc.com/2020/07/13/yelp-will-bring-back-most-of-its-1100-furloughed-employees-next-month.html,56,Post-IPO,7/13/2020 21:02,United States,Unknown
YELP,Yelp Inc.,Yelp,Online Media,Yelp Inc is a provider of online platforms to connect buyers and sellers. It generates revenue by selling advertising space to businesses mainly in the United States.,http://www.yelp.com,YELP.png,Jeremy Stoppelman,New York Stock Exchange,3128509230,Technology,Technology,Internet Content & Information,Online Media,SF Bay Area,Consumer,1000,0.17,4/9/2020,https://layoffs.fyi/2020/04/14/yelp-laid-off-1000-employees-and-furloughed-another-1100/,56,Post-IPO,4/9/2020 13:20,United States,Unknown
YEXT,Yext Inc.,Yext,Application Software,"Yext Inc provides a knowledge engine platform that lets businesses manage their digital knowledge in the cloud and sync it to over 100 services including Apple Maps, Bing, Cortana, Facebook, Google, Google Maps, Instagram, Siri and Yelp.",http://www.yext.com,YEXT.png,Howard Lerman,New York Stock Exchange,1722766446,Technology,Technology,Software - Infrastructure,Application Software,New York City,Marketing,,0.08,1/23/2023,https://www.marketwatch.com/story/yext-to-lay-off-8-of-staff-01674510853,117,Post-IPO,1/23/2023 23:21,United States,Unknown
Z,Zillow Group Inc.,Zillow,Real Estate Services,"Zillow Group Inc provides real estate and home-related information marketplaces on mobile and web-based platforms. It helps customers on each stage of the home lifecycle such as renting, buying, selling, financing, and home improvement.",http://www.zillowgroup.com,Z.png,Spencer M. Rascoff,Nasdaq Global Select,7032333779,Real Estate,Real Estate,Real Estate Services,,Seattle,Real Estate,300,0.05,10/26/2022,https://techcrunch.com/2022/10/26/zillow-layoff-300-employees/,97,Post-IPO,10/26/2022 17:36,United States,Unknown
Z,Zillow Group Inc.,Zillow,Real Estate Services,"Zillow Group Inc provides real estate and home-related information marketplaces on mobile and web-based platforms. It helps customers on each stage of the home lifecycle such as renting, buying, selling, financing, and home improvement.",http://www.zillowgroup.com,Z.png,Spencer M. Rascoff,Nasdaq Global Select,7032333779,Real Estate,Real Estate,Real Estate Services,,Seattle,Real Estate,2000,0.25,11/2/2021,https://www.geekwire.com/2021/zillow-shutter-home-buying-business-lay-off-2k-employees-big-real-estate-bet-falters/,97,Post-IPO,11/2/2021 21:18,United States,Unknown
ZG,Zillow Group Inc.,Zillow,Real Estate Services,"Zillow Group Inc provides real estate and home-related information marketplaces on mobile and web-based platforms. It helps customers on each stage of the home lifecycle such as renting, buying, selling, financing, and home improvement.",http://www.zillowgroup.com,ZG.png,Spencer M. Rascoff,Nasdaq Global Select,7010992881,Real Estate,Real Estate,Real Estate Services,,Seattle,Real Estate,300,0.05,10/26/2022,https://techcrunch.com/2022/10/26/zillow-layoff-300-employees/,97,Post-IPO,10/26/2022 17:36,United States,Unknown
ZG,Zillow Group Inc.,Zillow,Real Estate Services,"Zillow Group Inc provides real estate and home-related information marketplaces on mobile and web-based platforms. It helps customers on each stage of the home lifecycle such as renting, buying, selling, financing, and home improvement.",http://www.zillowgroup.com,ZG.png,Spencer M. Rascoff,Nasdaq Global Select,7010992881,Real Estate,Real Estate,Real Estate Services,,Seattle,Real Estate,2000,0.25,11/2/2021,https://www.geekwire.com/2021/zillow-shutter-home-buying-business-lay-off-2k-employees-big-real-estate-bet-falters/,97,Post-IPO,11/2/2021 21:18,United States,Unknown
ZEN,Zendesk Inc.,Zendesk,Application Software,Zendesk Inc develops and sells the Saas software platform and other communication applications mainly in the United States. The Saas platform is used by organizations to communicate with its customers and resolve their queries.,http://www.zendesk.com,ZEN.png,Mikkel Svane,New York Stock Exchange,7331276033,Technology,Technology,Software - Application,Application Software,SF Bay Area,Support,350,0.05,11/7/2022,https://twitter.com/GergelyOrosz/status/1589676662593302528,85,Acquired,11/7/2022 20:13,United States,Unknown
ZEN,Zendesk Inc.,Zendesk,Application Software,Zendesk Inc develops and sells the Saas software platform and other communication applications mainly in the United States. The Saas platform is used by organizations to communicate with its customers and resolve their queries.,http://www.zendesk.com,ZEN.png,Mikkel Svane,New York Stock Exchange,7331276033,Technology,Technology,Software - Application,Application Software,SF Bay Area,Support,80,,8/4/2022,Internal memo,85,Acquired,8/5/2022 3:18,United States,Unknown
ZS,Zscaler Inc.,Zscaler,Application Software,Zscaler Inc is a cloud security company. It engages in developing a platform incorporating core security functionalities needed to enable users to safely utilize authorized applications and services based on an organization's policies.,https://www.zscaler.com,ZS.png,Jagtar S. Chaudhry,Nasdaq Global Select,5896123095,Technology,Technology,Software - Infrastructure,Application Software,SF Bay Area,Security,177,0.03,3/2/2023,https://www.crn.com/news/security/zscaler-discloses-layoffs-for-3-percent-of-employees,148,Post-IPO,3/3/2023 22:59,United States,Unknown
ZUO,Zuora Inc. Class A,Zuora,Application Software,"Zuora Inc provides cloud-based software on a subscription basis that enables companies in various industries to launch, manage, and transform into a subscription business.",https://www.zuora.com,ZUO.png,Tien Tzuo,New York Stock Exchange,2304595224,Technology,Technology,Software - Infrastructure,Application Software,SF Bay Area,Finance,,0.11,12/6/2022,https://www.morningstar.com/news/marketwatch/20221206496/zuora-beats-on-earnings-but-misses-on-outlook-while-announcing-layoffs,647,Post-IPO,12/7/2022 6:26,United States,Unknown
